"v1_column","v2_column","change_type","confidence"
"/DataEnvelope/institute","/DataEnvelope/institute","unchanged","exact"
"/DataEnvelope/ID","/DataEnvelope/ID","unchanged","exact"
"/DataEnvelope/status","/DataEnvelope/status","unchanged","exact"
"/DataEnvelope/Data/DataResourceDescription/nameOfResource","/DataEnvelope/Data/DataResourceDescription/nameOfResource","unchanged","exact"
"/DataEnvelope/Data/DataResourceDescription/path","/DataEnvelope/Data/DataResourceDescription/path","unchanged","exact"
"/DataEnvelope/Data/DataResourceDescription/format","/DataEnvelope/Data/DataResourceDescription/format","unchanged","exact"
"/DataEnvelope/Data/DataResourceDescription/size","/DataEnvelope/Data/DataResourceDescription/size","unchanged","exact"
"/DataEnvelope/Data/DataResourceDescription/date","/DataEnvelope/Data/DataResourceDescription/date","unchanged","exact"
"/DataEnvelope/Data/DataResourceDescription/language","/DataEnvelope/Data/DataResourceDescription/language","unchanged","exact"
"/DataEnvelope/Data/DataResourceDescription/encoding","/DataEnvelope/Data/DataResourceDescription/encoding","unchanged","exact"
"/DataEnvelope/Uses/purposes","/DataEnvelope/Uses/purposes","unchanged","exact"
"/DataEnvelope/Uses/other","/DataEnvelope/Uses/other","unchanged","exact"
"/DataEnvelope/Uses/domains","/DataEnvelope/Uses/domains","unchanged","exact"
"/DataEnvelope/Uses/motivation","/DataEnvelope/Uses/motivation","unchanged","exact"
"/DataEnvelope/Uses/Use/datasetUse","/DataEnvelope/Uses/Use/datasetUse","unchanged","exact"
"/DataEnvelope/Uses/Use/datasetUseSpecify","/DataEnvelope/Uses/Use/datasetUseSpecify","unchanged","exact"
"/DataEnvelope/Uses/Use/LinksToRelatedItems/publications","/DataEnvelope/Uses/Use/LinksToRelatedItems/publications","unchanged","exact"
"/DataEnvelope/Uses/Use/LinksToRelatedItems/relatedDatasets","/DataEnvelope/Uses/Use/LinksToRelatedItems/relatedDatasets","unchanged","exact"
"/DataEnvelope/Uses/Use/LinksToRelatedItems/modelTrainedByDataset","/DataEnvelope/Uses/Use/LinksToRelatedItems/modelTrainedByDataset","unchanged","exact"
"/DataEnvelope/Uses/Use/SuitableUseCase/suitableUseCase","/DataEnvelope/Uses/Use/SuitableUseCase/suitableUseCase","unchanged","exact"
"/DataEnvelope/Uses/Use/SuitableUseCase/additionalNotes","/DataEnvelope/Uses/Use/SuitableUseCase/additionalNotes","unchanged","exact"
"/DataEnvelope/Uses/Use/UnsuitableUseCase/unsuitableUseCase","/DataEnvelope/Uses/Use/UnsuitableUseCase/unsuitableUseCase","unchanged","exact"
"/DataEnvelope/Uses/Use/UnsuitableUseCase/additionalNotes","/DataEnvelope/Uses/Use/UnsuitableUseCase/additionalNotes","unchanged","exact"
"/DataEnvelope/Uses/UseWithOtherData/safetyLevelOther","/DataEnvelope/Uses/UseWithOtherData/safetyLevelOther","unchanged","exact"
"/DataEnvelope/Uses/UseInMLOrAISystems/datasetUses","/DataEnvelope/Uses/UseInMLOrAISystems/datasetUses","unchanged","exact"
"/DataEnvelope/Uses/UseInMLOrAISystems/otherDatasetUses","/DataEnvelope/Uses/UseInMLOrAISystems/otherDatasetUses","unchanged","exact"
"/DataEnvelope/Uses/UseInMLOrAISystems/notableFeatures","/DataEnvelope/Uses/UseInMLOrAISystems/notableFeatures","unchanged","exact"
"/DataEnvelope/Uses/UseInMLOrAISystems/knownCorrelations","/DataEnvelope/Uses/UseInMLOrAISystems/knownCorrelations","unchanged","exact"
"/DataEnvelope/Uses/UseInMLOrAISystems/usageGuidelines","/DataEnvelope/Uses/UseInMLOrAISystems/usageGuidelines","unchanged","exact"
"/DataEnvelope/Uses/UseInMLOrAISystems/dataSplits","/DataEnvelope/Uses/UseInMLOrAISystems/dataSplits","unchanged","exact"
"/DataEnvelope/Uses/Sampling/safetyLevel","/DataEnvelope/Uses/Sampling/safetyLevel","unchanged","exact"
"/DataEnvelope/Uses/Sampling/otherSafetyLevel","/DataEnvelope/Uses/Sampling/otherSafetyLevel","unchanged","exact"
"/DataEnvelope/Uses/Sampling/acceptableSamplingMethods","/DataEnvelope/Uses/Sampling/acceptableSamplingMethods","unchanged","exact"
"/DataEnvelope/Uses/Sampling/otherAcceptableSamplingMethods","/DataEnvelope/Uses/Sampling/otherAcceptableSamplingMethods","unchanged","exact"
"/DataEnvelope/Uses/Sampling/bestPractices","/DataEnvelope/Uses/Sampling/bestPractices","unchanged","exact"
"/DataEnvelope/Uses/Sampling/risksAndMitigations","/DataEnvelope/Uses/Sampling/risksAndMitigations","unchanged","exact"
"/DataEnvelope/HumanPerspective/HumanAnnotators/annotatorDescription","/DataEnvelope/HumanPerspective/HumanAnnotators/annotatorDescription","unchanged","exact"
"/DataEnvelope/HumanPerspective/HumanAnnotators/AnnotationType/taskType","/DataEnvelope/HumanPerspective/HumanAnnotators/AnnotationType/taskType","unchanged","exact"
"/DataEnvelope/HumanPerspective/HumanAnnotators/AnnotationType/numberOfUniqueAnnotators","/DataEnvelope/HumanPerspective/HumanAnnotators/AnnotationType/numberOfUniqueAnnotators","unchanged","exact"
"/DataEnvelope/HumanPerspective/HumanAnnotators/AnnotationType/expertiseOfAnnotators","/DataEnvelope/HumanPerspective/HumanAnnotators/AnnotationType/expertiseOfAnnotators","unchanged","exact"
"/DataEnvelope/HumanPerspective/HumanAnnotators/AnnotationType/descriptionOfAnnotators","/DataEnvelope/HumanPerspective/HumanAnnotators/AnnotationType/descriptionOfAnnotators","unchanged","exact"
"/DataEnvelope/HumanPerspective/HumanAnnotators/AnnotationType/compensation","/DataEnvelope/HumanPerspective/HumanAnnotators/AnnotationType/compensation","unchanged","exact"
"/DataEnvelope/HumanPerspective/HumanAnnotators/AnnotationType/languageDistributionOfAnnotators","/DataEnvelope/HumanPerspective/HumanAnnotators/AnnotationType/languageDistributionOfAnnotators","unchanged","exact"
"/DataEnvelope/HumanPerspective/HumanAnnotators/AnnotationType/numLanguageDistrib","/DataEnvelope/HumanPerspective/HumanAnnotators/AnnotationType/numLanguageDistrib","unchanged","exact"
"/DataEnvelope/HumanPerspective/HumanAnnotators/AnnotationType/ageDistributionOfAnnotators","/DataEnvelope/HumanPerspective/HumanAnnotators/AnnotationType/ageDistributionOfAnnotators","unchanged","exact"
"/DataEnvelope/HumanPerspective/HumanAnnotators/AnnotationType/numAgeDistrib","/DataEnvelope/HumanPerspective/HumanAnnotators/AnnotationType/numAgeDistrib","unchanged","exact"
"/DataEnvelope/HumanPerspective/HumanAnnotators/AnnotationType/geographicDistributionOfAnnotators","/DataEnvelope/HumanPerspective/HumanAnnotators/AnnotationType/geographicDistributionOfAnnotators","unchanged","exact"
"/DataEnvelope/HumanPerspective/HumanAnnotators/AnnotationType/genderDistributionOfAnnotators","/DataEnvelope/HumanPerspective/HumanAnnotators/AnnotationType/genderDistributionOfAnnotators","unchanged","exact"
"/DataEnvelope/HumanPerspective/HumanAnnotators/AnnotationType/socioEconomicDistribOfAnnotators","/DataEnvelope/HumanPerspective/HumanAnnotators/AnnotationType/socioEconomicDistribOfAnnotators","unchanged","exact"
"/DataEnvelope/HumanPerspective/HumanAnnotators/AnnotationType/summaryOfAnnotationInstructions","/DataEnvelope/HumanPerspective/HumanAnnotators/AnnotationType/summaryOfAnnotationInstructions","unchanged","exact"
"/DataEnvelope/HumanPerspective/HumanAnnotators/AnnotationType/annotationPlatforms","/DataEnvelope/HumanPerspective/HumanAnnotators/AnnotationType/annotationPlatforms","unchanged","exact"
"/DataEnvelope/HumanPerspective/HumanAnnotators/AnnotationType/additionalNotes","/DataEnvelope/HumanPerspective/HumanAnnotators/AnnotationType/additionalNotes","unchanged","exact"
"/DataEnvelope/HumanPerspective/Creators/creatorPositionality","/DataEnvelope/HumanPerspective/Creators/creatorPositionality","unchanged","exact"
"/DataEnvelope/BasicInformation/ContactDetails/name","/DataEnvelope/DatasetMetadata/ResponsibleAgents/ContactPoint/personName","renamed","verified_from_xslt"
"/DataEnvelope/BasicInformation/ContactDetails/orcidID","/DataEnvelope/DatasetMetadata/ResponsibleAgents/ContactPoint/orcidId","renamed","verified_from_xslt"
"/DataEnvelope/BasicInformation/ContactDetails/roleInProject","/DataEnvelope/DatasetMetadata/ResponsibleAgents/ContactPoint/role","renamed","verified_from_xslt"
"/DataEnvelope/BasicInformation/authorDataEnvelope/name","/DataEnvelope/DataEnvelopeMetadata/AuthorDataEnvelope/personName","renamed","verified_from_xslt"
"/DataEnvelope/BasicInformation/authorDataEnvelope/orcidID","/DataEnvelope/DataEnvelopeMetadata/AuthorDataEnvelope/orcidId","renamed","verified_from_xslt"
"/DataEnvelope/BasicInformation/feedbackElaboration/feedbackSectionOne","/DataEnvelope/DataEnvelopeMetadata/Comments/comment","renamed","verified_from_xslt"
"/DataEnvelope/BasicMetadata/Snapshot/version","/DataEnvelope/DataEnvelopeMetadata/Version/versionNumber","renamed","verified_from_xslt"
"/DataEnvelope/BasicMetadata/Snapshot/description","/DataEnvelope/DatasetMetadata/DescriptiveMetadata/description","moved","verified_from_xslt"
"/DataEnvelope/BasicMetadata/Snapshot/genre","/DataEnvelope/DatasetMetadata/SubjectMetadata/GenreOrForm/controlledTerm","renamed","verified_from_xslt"
"/DataEnvelope/BasicMetadata/Snapshot/genreOther","/DataEnvelope/DatasetMetadata/SubjectMetadata/GenreOrForm/otherTerm/term","renamed","verified_from_xslt"
"/DataEnvelope/BasicMetadata/Snapshot/topic","/DataEnvelope/DatasetMetadata/SubjectMetadata/Topic/controlledTerm","renamed","verified_from_xslt"
"/DataEnvelope/BasicMetadata/Snapshot/topicOther","/DataEnvelope/DatasetMetadata/SubjectMetadata/Topic/otherTerm/term","renamed","verified_from_xslt"
"/DataEnvelope/BasicMetadata/Snapshot/languages","/DataEnvelope/DatasetMetadata/DescriptiveMetadata/Languages/controlledTerm","renamed","verified_from_xslt"
"/DataEnvelope/BasicMetadata/Snapshot/languageOther","/DataEnvelope/DatasetMetadata/DescriptiveMetadata/Languages/otherTerm/term","renamed","verified_from_xslt"
"/DataEnvelope/BasicMetadata/Snapshot/GeographicalCoverage","/DataEnvelope/DatasetMetadata/SubjectMetadata/GeographicalCoverage/controlledTerm","renamed","verified_from_xslt"
"/DataEnvelope/BasicMetadata/Snapshot/GeographicalCoverageOther","/DataEnvelope/DatasetMetadata/SubjectMetadata/GeographicalCoverage/otherTerm/term","renamed","verified_from_xslt"
"/DataEnvelope/BasicMetadata/Snapshot/TemporalCoverage/yearFrom","/DataEnvelope/DatasetMetadata/SubjectMetadata/TemporalCoverage/CoveragePeriod/dateStart","renamed","verified_from_xslt"
"/DataEnvelope/BasicMetadata/Snapshot/TemporalCoverage/yearTo","/DataEnvelope/DatasetMetadata/SubjectMetadata/TemporalCoverage/CoveragePeriod/dateEnd","renamed","verified_from_xslt"
"/DataEnvelope/BasicMetadata/Snapshot/TemporalCoverage/year","/DataEnvelope/DatasetMetadata/SubjectMetadata/TemporalCoverage/dateRangeUnstructured","renamed","verified_from_xslt"
"/DataEnvelope/BasicMetadata/Snapshot/TemporalCoverage/additionalNotes","/DataEnvelope/DatasetMetadata/SubjectMetadata/TemporalCoverage/Comments/comment","renamed","verified_from_xslt"
"/DataEnvelope/BasicMetadata/Dates/dateFrom","/DataEnvelope/DatasetMetadata/DescriptiveMetadata/Dates/dateFrom","moved","verified_from_xslt"
"/DataEnvelope/BasicMetadata/Dates/dateTo","/DataEnvelope/DatasetMetadata/DescriptiveMetadata/Dates/dateTo","moved","verified_from_xslt"
"/DataEnvelope/BasicMetadata/Dates/datasetPublicationDate","/DataEnvelope/DatasetMetadata/DescriptiveMetadata/Dates/datePublished","renamed","verified_from_xslt"
"/DataEnvelope/BasicMetadata/CreatorsContributors/publishingOrganisation/Name","/DataEnvelope/DatasetMetadata/ResponsibleAgents/PublishingOrganisation/organisationName","renamed","verified_from_xslt"
"/DataEnvelope/BasicMetadata/CreatorsContributors/publishingOrganisation/type","/DataEnvelope/DatasetMetadata/ResponsibleAgents/PublishingOrganisation/OrganisationType/controlledTerm","renamed","verified_from_xslt"
"/DataEnvelope/BasicMetadata/CreatorsContributors/publishingOrganisation/other","/DataEnvelope/DatasetMetadata/ResponsibleAgents/PublishingOrganisation/OrganisationType/otherTerm/term","renamed","verified_from_xslt"
"/DataEnvelope/BasicMetadata/CreatorsContributors/contributors/name","/DataEnvelope/DatasetMetadata/ResponsibleAgents/Contributors/personName","renamed","verified_from_xslt"
"/DataEnvelope/BasicMetadata/CreatorsContributors/contributors/organisation","/DataEnvelope/DatasetMetadata/ResponsibleAgents/Contributors/organisationName","renamed","verified_from_xslt"
"/DataEnvelope/BasicMetadata/CreatorsContributors/funding/name","/DataEnvelope/DatasetMetadata/ResponsibleAgents/Funders/funderName","renamed","verified_from_xslt"
"/DataEnvelope/BasicMetadata/CreatorsContributors/funding/ROR","/DataEnvelope/DatasetMetadata/ResponsibleAgents/Funders/rorId","renamed","verified_from_xslt"
"/DataEnvelope/BasicMetadata/CreatorsContributors/funding/summary","/DataEnvelope/DatasetMetadata/ResponsibleAgents/Funders/description","renamed","verified_from_xslt"
"/DataEnvelope/BasicMetadata/accessLicenses/licensingInformation/identifier","/DataEnvelope/DatasetMetadata/RightsStatement/Licence/label","renamed","verified_from_xslt"
"/DataEnvelope/BasicMetadata/accessLicenses/licensingInformation/url","/DataEnvelope/DatasetMetadata/RightsStatement/Licence/uri","renamed","verified_from_xslt"
"/DataEnvelope/BasicMetadata/accessLicenses/access/accessRestricted/description","/DataEnvelope/DatasetMetadata/RightsStatement/AccessDetails/description","moved","verified_from_xslt"
"/DataEnvelope/BasicMetadata/accessLicenses/access/accessRestricted/url","/DataEnvelope/DatasetMetadata/RightsStatement/AccessDetails/url","moved","verified_from_xslt"
"/DataEnvelope/BasicMetadata/versionMaintenance/maintenancePlan/feedback","/DataEnvelope/DatasetMetadata/VersionMaintenance/MaintenancePlan/Comments/comment","renamed","verified_from_xslt"
"/DataEnvelope/BasicMetadata/feedbackElaboration/feedbackSectionTwo","/DataEnvelope/DatasetMetadata/Comments/comment","renamed","verified_from_xslt"
"/DataEnvelope/Data/DataResourceDescription/Description","/DataEnvelope/Data/DataResourceDescription/description","renamed","verified_from_xslt"
"/DataEnvelope/Data/DataResourceDescription/dataSubjects/Subjects","/DataEnvelope/Data/DataResourceDescription/DataSubjects/subjects","renamed","verified_from_xslt"
"/DataEnvelope/Data/DataResourceDescription/dataSubjects/other","/DataEnvelope/Data/DataResourceDescription/DataSubjects/other","moved","verified_from_xslt"
"/DataEnvelope/Data/DataResourceDescription/dataModality/other","/DataEnvelope/Data/DataResourceDescription/DataModality/otherTerm/term","renamed","verified_from_xslt"
"/DataEnvelope/Data/dataExamples/typicalExample/description","/DataEnvelope/Data/DataExamples/TypicalExample/description","moved","verified_from_xslt"
"/DataEnvelope/Data/dataExamples/atypicalExample/atypdescription","/DataEnvelope/Data/DataExamples/AtypicalExample/description","renamed","verified_from_xslt"
"/DataEnvelope/Data/dataExamples/atypicalExample/atyplink","/DataEnvelope/Data/DataExamples/AtypicalExample/link","renamed","verified_from_xslt"
"/DataEnvelope/Data/errors/errordescription","/DataEnvelope/Data/Errors/description","renamed","verified_from_xslt"
"/DataEnvelope/Data/annotations/annotationCharacteristics/description","/DataEnvelope/Data/Annotations/AnnotationCharacteristics/description","moved","verified_from_xslt"
"/DataEnvelope/Data/socialImpact/confidentiality/confidentialityBin","/DataEnvelope/Data/SocialImpact/Confidentiality/IsDatasetConfidential","renamed","verified_from_xslt"
"/DataEnvelope/Data/socialImpact/ethicalReview/description","/DataEnvelope/Data/SocialImpact/EthicalReview/description","moved","verified_from_xslt"
"/DataEnvelope/Data/socialImpact/ethicalReview/reviewContact/name","/DataEnvelope/Data/SocialImpact/EthicalReview/ReviewContact/name","moved","verified_from_xslt"
"/DataEnvelope/Data/dataProvenance/Name","/DataEnvelope/Data/DataProvenance/name","renamed","verified_from_xslt"
"/DataEnvelope/Data/dataProvenance/description","/DataEnvelope/Data/DataProvenance/description","moved","verified_from_xslt"
"/DataEnvelope/Data/dataProvenance/yearPublication","/DataEnvelope/Data/DataProvenance/yearOfPublication","renamed","verified_from_xslt"
"/DataEnvelope/Data/dataProvenance/datasheetEnvelope","/DataEnvelope/Data/DataProvenance/datasheetOrEnvelopeLink","renamed","verified_from_xslt"
"/DataEnvelope/Data/feedbackElaboration/feedbackSectionThree","/DataEnvelope/Data/Comments/comment","renamed","verified_from_xslt"
"/DataEnvelope/Uses/UseWithOtherData/knownSafeDatasetsDataTypes","/DataEnvelope/Uses/UseWithOtherData/knownSafeDatasetsOrDataTypes","renamed","verified_from_xslt"
"/DataEnvelope/Uses/UseWithOtherData/KnownUnsafeDatasetsDataTypes","/DataEnvelope/Uses/UseWithOtherData/knownUnsafeDatasetsOrDataTypes","renamed","verified_from_xslt"
"/DataEnvelope/Uses/feedbackElaboration/feedbackSectionFour","/DataEnvelope/Uses/Comments/comment","renamed","verified_from_xslt"
"/DataEnvelope/HumanPerspective/HumanAnnotators/AnnotationType/avgannotations","/DataEnvelope/HumanPerspective/HumanAnnotators/AnnotationType/averageNumberOfAnnotations","renamed","verified_from_xslt"
"/DataEnvelope/HumanPerspective/feedbackElaboration/feedbackSectionFive","/DataEnvelope/HumanPerspective/Comments/comment","renamed","verified_from_xslt"
"/DataEnvelope/BasicInformation/title","/DataEnvelope/DataEnvelopeMetadata/title","moved","xslt_auto"
"/DataEnvelope/BasicInformation/title/@xml:lang","/DataEnvelope/DataEnvelopeMetadata/title/@xml:lang","moved","xslt_auto"
"/DataEnvelope/BasicMetadata/CreatorsContributors/publishingOrganisation/ROR","/DataEnvelope/DatasetMetadata/ResponsibleAgents/PublishingOrganisation/rorId","renamed","xslt_auto"
"/DataEnvelope/BasicMetadata/CreatorsContributors/Creators/Name","/DataEnvelope/DatasetMetadata/ResponsibleAgents/Creators/personName","renamed","xslt_auto"
"/DataEnvelope/BasicMetadata/CreatorsContributors/Creators/ORCID","/DataEnvelope/DatasetMetadata/ResponsibleAgents/Creators/orcidId","renamed","xslt_auto"
"/DataEnvelope/BasicMetadata/CreatorsContributors/Creators/Organisation","/DataEnvelope/DatasetMetadata/ResponsibleAgents/Creators/organisationName","renamed","xslt_auto"
"/DataEnvelope/BasicMetadata/CreatorsContributors/Creators/ROR","/DataEnvelope/DatasetMetadata/ResponsibleAgents/Creators/rorId","renamed","xslt_auto"
"/DataEnvelope/BasicMetadata/CreatorsContributors/Creators/Role","/DataEnvelope/DatasetMetadata/ResponsibleAgents/Creators/role","renamed","xslt_auto"
"/DataEnvelope/BasicMetadata/CreatorsContributors/Creators/email","/DataEnvelope/DatasetMetadata/ResponsibleAgents/Creators/email","moved","xslt_auto"
"/DataEnvelope/BasicMetadata/accessLicenses/access/accessLevel","/DataEnvelope/DatasetMetadata/RightsStatement/AccessDetails/accessLevel","moved","xslt_auto"
"/DataEnvelope/Data/DataResourceDescription/dataModality/modality","/DataEnvelope/Data/DataResourceDescription/DataModality/modality","moved","xslt_auto"
"/DataEnvelope/Uses/UseWithOtherData/SafetyLevel","/DataEnvelope/Uses/UseWithOtherData/safetyLevel","renamed","xslt_auto"
"/DataEnvelope/BasicInformation/Dates/creationDateFrom","/DataEnvelope/DataEnvelopeMetadata/Version/Dates/creationDateFrom","moved","unique_leaf"
"/DataEnvelope/BasicInformation/Dates/creationDateTo","/DataEnvelope/DataEnvelopeMetadata/Version/Dates/creationDateTo","moved","unique_leaf"
"/DataEnvelope/BasicInformation/Dates/publicationDate","/DataEnvelope/DataEnvelopeMetadata/Version/Dates/publicationDate","moved","unique_leaf"
"/DataEnvelope/BasicMetadata/Snapshot/title","/DataEnvelope/DatasetMetadata/title","moved","unique_leaf"
"/DataEnvelope/BasicMetadata/CreatorsContributors/contributors/descriptionContribution","/DataEnvelope/DatasetMetadata/ResponsibleAgents/Contributors/descriptionContribution","moved","unique_leaf"
"/DataEnvelope/BasicMetadata/distribution/repository","/DataEnvelope/DatasetMetadata/Distribution/repository","moved","unique_leaf"
"/DataEnvelope/BasicMetadata/distribution/download/filetype","/DataEnvelope/DatasetMetadata/Distribution/Download/filetype","moved","unique_leaf"
"/DataEnvelope/BasicMetadata/distribution/download/filesize","/DataEnvelope/DatasetMetadata/Distribution/Download/filesize","moved","unique_leaf"
"/DataEnvelope/BasicMetadata/distribution/citation/citationInformation","/DataEnvelope/DatasetMetadata/Distribution/Citation/citationInformation","moved","unique_leaf"
"/DataEnvelope/BasicMetadata/accessLicenses/access/accessRestricted/contactEmail","/DataEnvelope/DatasetMetadata/RightsStatement/AccessDetails/contactEmail","moved","unique_leaf"
"/DataEnvelope/BasicMetadata/accessLicenses/access/accessRestricted/accessPrerequisites","/DataEnvelope/DatasetMetadata/RightsStatement/AccessDetails/accessPrerequisites","moved","unique_leaf"
"/DataEnvelope/BasicMetadata/versionMaintenance/version/currentVersion","/DataEnvelope/DatasetMetadata/VersionMaintenance/Version/currentVersion","moved","unique_leaf"
"/DataEnvelope/BasicMetadata/versionMaintenance/version/lastUpdated","/DataEnvelope/DatasetMetadata/VersionMaintenance/Version/lastUpdated","moved","unique_leaf"
"/DataEnvelope/BasicMetadata/versionMaintenance/version/releaseDate","/DataEnvelope/DatasetMetadata/VersionMaintenance/Version/releaseDate","moved","unique_leaf"
"/DataEnvelope/BasicMetadata/versionMaintenance/maintenance/maintenanceStatus","/DataEnvelope/DatasetMetadata/VersionMaintenance/Maintenance/maintenanceStatus","moved","unique_leaf"
"/DataEnvelope/BasicMetadata/versionMaintenance/maintenancePlan/updates","/DataEnvelope/DatasetMetadata/VersionMaintenance/MaintenancePlan/updates","moved","unique_leaf"
"/DataEnvelope/BasicMetadata/versionMaintenance/nextUpdate/versionAffected","/DataEnvelope/DatasetMetadata/VersionMaintenance/NextUpdate/versionAffected","moved","unique_leaf"
"/DataEnvelope/BasicMetadata/versionMaintenance/nextUpdate/nextUpdate","/DataEnvelope/DatasetMetadata/VersionMaintenance/NextUpdate/nextUpdate","moved","unique_leaf"
"/DataEnvelope/BasicMetadata/versionMaintenance/nextUpdate/nextVersion","/DataEnvelope/DatasetMetadata/VersionMaintenance/NextUpdate/nextVersion","moved","unique_leaf"
"/DataEnvelope/Data/DataResourceDescription/descriptiveStatistics/statistics","/DataEnvelope/Data/DataResourceDescription/DescriptiveStatistics/statistics","moved","unique_leaf"
"/DataEnvelope/Data/dataFields/dataField/dataFieldName","/DataEnvelope/Data/DataFields/DataField/dataFieldName","moved","unique_leaf"
"/DataEnvelope/Data/dataFields/dataField/dataFieldType","/DataEnvelope/Data/DataFields/DataField/dataFieldType","moved","unique_leaf"
"/DataEnvelope/Data/dataFields/dataField/descriptionField","/DataEnvelope/Data/DataFields/DataField/descriptionField","moved","unique_leaf"
"/DataEnvelope/Data/dataFields/dataField/sensitivity","/DataEnvelope/Data/DataFields/DataField/sensitivity","moved","unique_leaf"
"/DataEnvelope/Data/dataFields/dataField/usedVocabularies/vocabulary","/DataEnvelope/Data/DataFields/DataField/UsedVocabularies/vocabulary","moved","unique_leaf"
"/DataEnvelope/Data/dataFields/dataField/usedVocabularies/vocabularyLink","/DataEnvelope/Data/DataFields/DataField/UsedVocabularies/vocabularyLink","moved","unique_leaf"
"/DataEnvelope/Data/externalResources/resources","/DataEnvelope/Data/ExternalResources/resources","moved","unique_leaf"
"/DataEnvelope/Data/externalResources/extResources","/DataEnvelope/Data/ExternalResources/extResources","moved","unique_leaf"
"/DataEnvelope/Data/annotations/annotationCharacteristics/annotationWorkforceType","/DataEnvelope/Data/Annotations/AnnotationCharacteristics/annotationWorkforceType","moved","unique_leaf"
"/DataEnvelope/Data/annotations/annotationCharacteristics/others","/DataEnvelope/Data/Annotations/AnnotationCharacteristics/others","moved","unique_leaf"
"/DataEnvelope/Data/annotations/annotationCharacteristics/totalAnnotations","/DataEnvelope/Data/Annotations/AnnotationCharacteristics/totalAnnotations","moved","unique_leaf"
"/DataEnvelope/Data/annotations/annotationCharacteristics/totalTokens","/DataEnvelope/Data/Annotations/AnnotationCharacteristics/totalTokens","moved","unique_leaf"
"/DataEnvelope/Data/annotations/annotationCharacteristics/avgTokensAnnotations","/DataEnvelope/Data/Annotations/AnnotationCharacteristics/avgTokensAnnotations","moved","unique_leaf"
"/DataEnvelope/Data/annotations/annotationCharacteristics/metric","/DataEnvelope/Data/Annotations/AnnotationCharacteristics/metric","moved","unique_leaf"
"/DataEnvelope/Data/socialImpact/safety/disclaimer","/DataEnvelope/Data/SocialImpact/Safety/disclaimer","moved","unique_leaf"
"/DataEnvelope/Data/socialImpact/biases/knownBiases","/DataEnvelope/Data/SocialImpact/Biases/knownBiases","moved","unique_leaf"
"/DataEnvelope/Data/socialImpact/biases/stepsToReduceBias","/DataEnvelope/Data/SocialImpact/Biases/stepsToReduceBias","moved","unique_leaf"
"/DataEnvelope/Data/socialImpact/biases/sensAttributes/sensitiveAttribute","/DataEnvelope/Data/SocialImpact/Biases/SensitivesAttributes/sensitiveAttribute","moved","unique_leaf"
"/DataEnvelope/Data/socialImpact/biases/sensAttributes/unintentionalAttribute","/DataEnvelope/Data/SocialImpact/Biases/SensitivesAttributes/unintentionalAttribute","moved","unique_leaf"
"/DataEnvelope/Data/socialImpact/ethicalReview/review","/DataEnvelope/Data/SocialImpact/EthicalReview/review","moved","unique_leaf"
"/DataEnvelope/Data/socialImpact/ethicalReview/outcomes","/DataEnvelope/Data/SocialImpact/EthicalReview/outcomes","moved","unique_leaf"
"/DataEnvelope/Data/socialImpact/ethicalReview/reviewContact/affiliation","/DataEnvelope/Data/SocialImpact/EthicalReview/ReviewContact/affiliation","moved","unique_leaf"
"/DataEnvelope/Data/socialImpact/ethicalReview/reviewContact/contact","/DataEnvelope/Data/SocialImpact/EthicalReview/ReviewContact/contact","moved","unique_leaf"
"/DataEnvelope/Data/dataProvenance/path","/DataEnvelope/Data/DataProvenance/path","moved","unique_leaf"
"/DataEnvelope/Data/dataProvenance/creatorName","/DataEnvelope/Data/DataProvenance/creatorName","moved","unique_leaf"
"/DataEnvelope/Data/dataProvenance/creatorOrganisation","/DataEnvelope/Data/DataProvenance/creatorOrganisation","moved","unique_leaf"
"/DataEnvelope/Data/dataProvenance/language","/DataEnvelope/Data/DataProvenance/language","moved","unique_leaf"
"/DataEnvelope/Data/dataProvenance/temporalScope","/DataEnvelope/Data/DataProvenance/temporalScope","moved","unique_leaf"
"/DataEnvelope/Data/dataProvenance/geographicalScope","/DataEnvelope/Data/DataProvenance/geographicalScope","moved","unique_leaf"
"/DataEnvelope/Data/dataProvenance/dataSelection","/DataEnvelope/Data/DataProvenance/dataSelection","moved","unique_leaf"
"/DataEnvelope/Data/digitisation/digitalisationPipeline","/DataEnvelope/Data/Digitisation/digitalisationPipeline","moved","unique_leaf"
"/DataEnvelope/BasicInformation/ContactDetails/email","/DataEnvelope/DatasetMetadata/ResponsibleAgents/ContactPoint/email","renamed","verified_from_xslt"
"/DataEnvelope/BasicInformation/authorDataEnvelope/email","/DataEnvelope/DataEnvelopeMetadata/AuthorDataEnvelope/email","renamed","verified_from_xslt"
"/DataEnvelope/BasicMetadata/Snapshot/title/@xml:lang","/DataEnvelope/DatasetMetadata/title/@xml:lang","moved","positional"
"/DataEnvelope/BasicMetadata/distribution/citation/citationInformation/@xml:lang","/DataEnvelope/DatasetMetadata/Distribution/Citation/citationInformation/@xml:lang","moved","positional"
"/DataEnvelope/BasicMetadata/CreatorsContributors/funding/link","/DataEnvelope/DatasetMetadata/ResponsibleAgents/Funders/link","moved","positional"
"/DataEnvelope/BasicMetadata/distribution/download/link","/DataEnvelope/DatasetMetadata/Distribution/Download/link","moved","positional"
"/DataEnvelope/Data/dataExamples/typicalExample/link","/DataEnvelope/Data/DataExamples/TypicalExample/link","moved","positional"
"/DataEnvelope/Data/socialImpact/ethicalReview/link","/DataEnvelope/Data/SocialImpact/EthicalReview/link","moved","positional"
"/DataEnvelope/Data/dataFields/dataField/notableFeatures","/DataEnvelope/Data/DataFields/DataField/notableFeatures","moved","positional"
"/DataEnvelope/Data/dataProvenance/notableFeatures","/DataEnvelope/Data/DataProvenance/notableFeatures","moved","positional"
"/DataEnvelope/Data/socialImpact/safety/specify","/DataEnvelope/Data/SocialImpact/Safety/specify","moved","positional"
"/DataEnvelope/Data/socialImpact/confidentiality/specify","/DataEnvelope/Data/SocialImpact/Confidentiality/specify","moved","positional"
"/DataEnvelope/Data/socialImpact/biases/sensAttributes/specify","/DataEnvelope/Data/SocialImpact/Biases/SensitivesAttributes/specify","moved","positional"
"/DataEnvelope/BasicMetadata/distribution/datasetlink","/DataEnvelope/DatasetMetadata/Distribution/datasetLink","renamed","verified_from_xslt"
"","/DataEnvelope/DatasetMetadata/DescriptiveMetadata/Languages/otherTerm/termUri","new_in_v2","auto"
"","/DataEnvelope/DatasetMetadata/SubjectMetadata/GenreOrForm/otherTerm/termUri","new_in_v2","auto"
"","/DataEnvelope/DatasetMetadata/SubjectMetadata/Topic/otherTerm/termUri","new_in_v2","auto"
"","/DataEnvelope/DatasetMetadata/SubjectMetadata/GeographicalCoverage/otherTerm/termUri","new_in_v2","auto"
"","/DataEnvelope/DatasetMetadata/ResponsibleAgents/Creators/Comments/comment","new_in_v2","auto"
"","/DataEnvelope/DatasetMetadata/ResponsibleAgents/Funders/orcidId","new_in_v2","auto"
"","/DataEnvelope/DatasetMetadata/ResponsibleAgents/PublishingOrganisation/OrganisationType/otherTerm/termUri","new_in_v2","auto"
"","/DataEnvelope/DatasetMetadata/Distribution/datasetLink","new_in_v2","auto"
"","/DataEnvelope/Data/DataResourceDescription/DataModality/otherTerm/termUri","new_in_v2","auto"
"","/DataEnvelope/Data/DataFields/ExternalSchema/externalSchemaLink","new_in_v2","auto"
"","/DataEnvelope/Data/DataFields/ExternalSchema/externalSchemaNote","new_in_v2","auto"
"","/DataEnvelope/Data/ExternalResources/extResourcesDescription","new_in_v2","auto"
